GEO_ID,NAME,B27010_001E,B27010_017E,B27010_022E,B27010_023E,B27010_029E,B27010_033E,B27010_038E,B27010_039E,B27010_044E,B27010_045E,B27010_046E,B27010_060E,B27010_061E,B27010_062E,B27010_055E,state
0400000US01,Alabama,4969866,42109,4188,90754,5995,185884,59854,113074,14778,9487,48029,155409,135681,65867,267771,01
0400000US02,Alaska,704133,15391,295,23691,981,30440,2131,33581,894,130,3349,27088,7187,9319,22503,02
0400000US04,Arizona,7154961,148548,3710,247801,5650,267849,38328,302614,9168,4985,36510,172162,249520,100792,483776,04
0400000US05,Arkansas,2977706,43057,3123,118739,5099,98703,34796,140485,6164,4820,35322,57353,104005,40236,176833,05
0400000US06,California,38761738,310351,33307,1871729,34943,951677,167052,2391047,42163,18229,220228,1008097,774730,911742,1942742,06
0400000US08,Colorado,5713803,65144,3255,181241,4138,161554,22138,212693,5349,3254,27727,122616,153562,53474,320914,08
0400000US09,Connecticut,3555703,22827,2263,137226,3748,65697,17631,183239,6020,2374,25011,125987,99130,61420,203809,09
0400000US10,Delaware,992298,8744,484,32314,952,22499,6289,41327,2029,756,7339,46578,36473,8854,52386,10
0400000US11,District of Columbia,663014,3596,261,30286,900,8795,1703,39867,682,197,4592,21874,8527,13241,15087,11
0400000US12,Florida,21591588,337916,13954,407090,18047,897597,152487,520236,27960,19740,137932,560069,725362,431221,1757058,12
0400000US13,Georgia,10627519,185515,8071,189076,9926,502942,75713,208049,17929,8910,69169,251459,224095,136472,528073,13
0400000US15,Hawaii,1386108,9329,607,39451,757,18288,5202,57568,2792,1243,4804,86444,34742,17860,63420,15
0400000US16,Idaho,1866785,29963,914,45988,2059,61050,9556,51604,2756,2507,12107,32123,78799,15665,103315,16
0400000US17,Illinois,12522498,100204,8917,396274,9957,309713,73112,505353,20614,10795,71981,357034,432465,147978,675210,17
0400000US18,Indiana,6714911,103091,4000,209247,7856,179138,46715,251017,13728,7666,57104,165327,254544,62392,363205,18
0400000US19,Iowa,3149616,24590,1240,95605,3815,58197,14567,112668,4229,2980,24857,61186,177530,27689,159930,19
0400000US20,Kansas,2875799,39313,1214,40406,2954,94137,15780,43232,3840,3961,16907,54979,134027,20826,145824,20
0400000US21,Kentucky,4429333,44751,3761,207487,7125,94766,53814,280339,10474,6931,49710,134614,146148,58158,226061,21
0400000US22,Louisiana,4523071,52445,4302,242068,7844,133551,38568,279570,7904,5080,56220,120858,104932,82010,250588,22
0400000US23,Maine,1359807,12303,785,36044,2343,30841,8350,53749,2319,1560,18342,44456,56619,25007,88639,23
0400000US24,Maryland,6079418,61305,5120,185415,6998,126481,28327,237595,12763,3583,34943,274442,141034,63413,215583,24
0400000US25,Massachusetts,6926890,22702,3941,267547,8883,72954,22949,400235,8263,4715,60537,243269,224265,126883,296235,25
0400000US26,Michigan,9944298,67412,5394,400874,13599,192059,65725,493552,29707,13486,97655,489821,339510,118980,429526,26
0400000US27,Minnesota,5652888,44425,3150,174504,5243,93507,24261,228578,6691,8752,28770,111726,329393,42649,225371,27
0400000US28,Mississippi,2884445,43581,2607,67600,4954,131250,28619,80974,5062,4508,41036,51569,95082,59184,157410,28
0400000US29,Missouri,6062789,89706,4687,105172,7218,204457,55878,138015,12565,10572,49379,148430,212103,55078,395026,29
0400000US30,Montana,1088176,16810,663,38964,1354,29885,6124,45834,1334,1346,7072,23263,54890,10370,68830,30
0400000US31,Nebraska,1937542,25277,1109,32571,2139,52971,8433,36925,2580,1698,12070,30453,87014,15325,101093,31
0400000US32,Nevada,3103042,57060,2109,95345,2411,118519,19894,123368,4587,1818,16427,65791,70622,39195,208421,32
0400000US33,New Hampshire,1371503,9732,1246,27461,1720,27754,11931,36715,3308,2013,8188,50396,60166,9265,78207,33
0400000US34,New Jersey,9174408,87791,5377,258996,6946,229225,50258,340920,16203,6766,45047,351032,250402,125016,476508,34
0400000US35,New Mexico,2077871,27323,1260,130292,2981,68713,14756,145496,4282,1232,23403,66091,50704,43082,127236,35
0400000US36,New York,19674246,110648,12520,946963,21785,363169,90988,1339968,39609,17102,161875,796242,435645,480168,935512,36
0400000US37,North Carolina,10366704,136360,6211,233299,10782,382358,79691,229263,19168,13631,81096,274551,336928,116572,576782,37
0400000US38,North Dakota,761569,12410,284,14112,557,18318,2790,16053,778,1078,3653,14031,40422,4930,29583,38
0400000US39,Ohio,11612784,130648,7610,424642,13160,269201,89222,536410,24013,11530,93628,360818,401417,122723,693047,39
0400000US40,Oklahoma,3906785,84312,4281,89162,4621,197130,39245,97279,7690,5688,28675,95295,130627,33808,191843,40
0400000US41,Oregon,4196946,28911,2084,167585,4975,97777,23971,213771,5275,5003,30463,104158,178571,56080,254044,41
0400000US42,Pennsylvania,12800535,140142,7146,407316,14346,249345,79026,520829,24110,18089,105989,425776,582395,165367,683569,42
0400000US44,Rhode Island,1078696,6369,596,41207,2254,17947,7021,53357,1991,951,10978,28454,36910,18243,59872,44
0400000US45,South Carolina,5113158,66110,3122,115058,4811,186150,44483,127391,11000,7201,42679,152913,175237,65854,294250,45
0400000US46,South Dakota,879723,16578,460,11145,871,30610,4928,12434,868,972,5165,12679,42640,7023,49727,46
0400000US47,Tennessee,6888125,92146,4280,172978,7252,252384,54804,199707,12332,8538,58899,153169,233282,82927,395039,47
0400000US48,Texas,29157945,934384,16209,436462,19982,1816985,159548,451256,29815,16442,144125,574286,552261,348261,1388679,48
0400000US49,Utah,3304468,69806,1342,44938,2505,101672,9759,50665,3373,1200,12680,59888,77405,19625,134101,49
0400000US50,Vermont,639109,2605,575,25129,1493,9058,4175,34589,774,671,7664,23664,29972,8719,36990,50
0400000US51,Virginia,8429141,93609,6484,196539,6175,209382,58926,245718,15009,8016,38934,256235,249205,68362,395995,51
0400000US53,Washington,7623297,52983,3925,254086,7861,182922,36041,298192,9426,6554,45638,198488,255001,84778,371031,53
0400000US54,West Virginia,1750730,11266,1325,75121,2853,39985,20122,108781,8617,2704,21520,85288,56607,24721,99192,54
0400000US55,Wisconsin,5828067,54361,2776,151286,7359,113895,28129,193053,8367,6554,45564,135634,290752,61861,328213,55
0400000US56,Wyoming,569723,13024,193,7060,370,23288,3265,7682,1071,650,3145,12994,25920,4804,33202,56
0400000US72,Puerto Rico,3227627,16791,6915,319264,4283,73715,54818,434704,4415,6251,60597,49909,60809,258857,273479,72
